,Location,ZIP
0,"(41.866585283, -87.698962375)",60612
1,"(41.756374355, -87.633816585)",60620
2,"(41.690701951, -87.664122385)",60643
3,"(41.953329545, -87.764267264)",60641
4,"(41.924128491, -87.762993999)",60639
5,"(41.938181259000004, -87.787655485)",60634
6,"(41.880938186, -87.71789844899997)",60624
7,"(41.955725645, -87.76693812299999)",60634
8,"(41.691025456, -87.66424769)",60643
9,"(41.96226556, -87.684566996)",60625
10,"(41.939258231, -87.72278142799999)",60618
11,"(41.722818321999995, -87.537567465)",60617
12,"(41.721878498, -87.621354328)",60619
13,"(41.990042674, -87.745334319)",60646
14,"(41.72304462, -87.53704075799999)",60617
15,"(41.989807669, -87.74622580399998)",60646
16,"(41.890037755, -87.620179034)",60611
17,"(41.896779126999995, -87.628781249)",60654
18,"(41.926207903000005, -87.668328977)",60614
19,"(41.720756806, -87.53543678700001)",60617
20,"(41.890122353, -87.620461395)",60611
21,"(41.877189405, -87.77036950200001)",60644
22,"(41.840812626, -87.64649261)",60608
23,"(41.903817103, -87.687194998)",60622
24,"(41.895448621, -87.727658471)",60651
25,"(41.873824205, -87.62774075899998)",60605
26,"(41.793702249, -87.687244272)",60629
27,"(41.939699007, -87.725074339)",60618
28,"(41.918231266, -87.76233705799999)",60639
29,"(41.961149383, -87.69696403399998)",60618
30,"(41.860407864, -87.69867209899998)",60608
31,"(41.80293879, -87.722181792)",60632
32,"(41.890910096, -87.61934752100002)",60611
33,"(41.97588404, -87.704801123)",60625
34,"(41.936950841999995, -87.785740891)",60634
35,"(41.967902328, -87.74907897700001)",60630
36,"(41.756158269000004, -87.633586263)",60620
37,"(41.873581418, -87.76476196799999)",60644
38,"(41.883191521, -87.6641147)",60607
39,"(41.853384939, -87.68552968200001)",60608
40,"(41.894503309, -87.726204522)",60624
41,"(41.87332924, -87.764460415)",60644
42,"(41.946607822, -87.69265244)",60618
43,"(41.876598942, -87.706142679)",60612
44,"(41.945962587, -87.688383964)",60618
45,"(41.884517408, -87.66674834700001)",60607
46,"(41.749715177, -87.719598779)",60652
47,"(41.923614583, -87.78247949)",60639
48,"(41.992090875, -87.74818249)",60646
49,"(41.707576903, -87.529848261)",60617
50,"(41.795332775, -87.65504097899998)",60609
51,"(41.939040256, -87.722645911)",60618
52,"(41.75749704, -87.631833328)",60620
53,"(41.764390956999996, -87.70972842)",60629
54,"(41.954540866, -87.65857252100002)",60613
55,"(41.902929409, -87.68576188)",60622
56,"(41.769276221, -87.703062595)",60629
57,"(41.89522799, -87.727715334)",60651
58,"(41.990281914, -87.70824462600002)",60659
59,"(41.954092657, -87.696596502)",60618
60,"(41.926153343, -87.67093808700001)",60614
61,"(41.938988391, -87.74312142299999)",60641
62,"(41.794154584, -87.72333321299999)",60632
63,"(41.911684016, -87.66757343)",60622
64,"(42.000259510999996, -87.689802909)",60645
65,"(41.793079668000004, -87.724956656)",60632
66,"(41.793300511999995, -87.72479036200001)",60632
67,"(41.80217403, -87.684106558)",60609
68,"(41.93700435, -87.786036722)",60634
69,"(41.96785573, -87.76392864399998)",60630
70,"(41.938377159, -87.789118713)",60634
71,"(41.85250181, -87.662810318)",60608
72,"(41.75038453, -87.721794539)",60652
73,"(41.953074826, -87.782825538)",60634
74,"(41.750212593, -87.68742106299999)",60652
75,"(41.801012881, -87.686070605)",60632
76,"(41.884514197, -87.667042094)",60607
77,"(41.975605302, -87.731669795)",60630
78,"(41.750546198, -87.722092656)",60652
79,"(41.92410633, -87.74802266399998)",60639
80,"(41.877242774, -87.702952689)",60612
81,"(41.896556106999995, -87.629025904)",60654
82,"(41.793492646, -87.61187597)",60637
83,"(41.75874077, -87.57851859)",60619
84,"(41.794045046, -87.72303636299999)",60632
85,"(41.969247149, -87.76401945100002)",60630
86,"(41.974332655, -87.72834702200001)",60625
87,"(41.903878079, -87.686902742)",60622
88,"(41.873849599, -87.627447875)",60605
89,"(41.801401913, -87.72354459799999)",60632
90,"(41.760005505, -87.576312983)",60649
91,"(41.663174059, -87.63352045200001)",60628
92,"(41.923831699000004, -87.78264224200001)",60639
93,"(41.866364024, -87.69914296600003)",60612
94,"(41.853572622, -87.685827855)",60608
95,"(41.721657133, -87.621462899)",60619
96,"(41.953875265, -87.69620408899998)",60618
97,"(41.823188825, -87.677348795)",60609
98,"(41.851929523, -87.68464766299999)",60608
99,"(41.691202396, -87.71721139899998)",60655
100,"(41.926418831, -87.668042465)",60614
101,"(41.794226466, -87.658709999)",60636
102,"(41.96242185, -87.688862275)",60625
103,"(41.923897472, -87.76390557799999)",60639
104,"(41.797703886, -87.606444779)",60615
105,"(41.911792045, -87.667870459)",60622
106,"(41.74985294, -87.687983475)",60652
107,"(41.793645091, -87.65786076399998)",60636
108,"(41.852153505, -87.68433838899998)",60608
109,"(41.767731869, -87.70273790700001)",60629
110,"(41.962313789, -87.688564554)",60618
111,"(41.877070828, -87.718168316)",60624
112,"(41.899325141, -87.704522346)",60622
113,"(41.803264895, -87.72330350899998)",60632
114,"(41.962880635, -87.65602445)",60640
115,"(41.938253306, -87.66846320200001)",60657
116,"(41.962596549000004, -87.655517675)",60640
117,"(41.801235748, -87.68589577899998)",60632
118,"(41.895779025, -87.628925203)",60654
119,"(41.823563957, -87.684721126)",60609
120,"(41.706487201, -87.682391059)",60655
121,"(41.741741651, -87.663073329)",60620
122,"(41.742473855, -87.66338548)",60620
123,"(41.988904472, -87.668455725)",60660
124,"(41.749370908, -87.719104675)",60652
125,"(41.706267661, -87.682391472)",60655
126,"(41.742993035, -87.66113776)",60620
127,"(41.982994526999995, -87.79083208799999)",60631
128,"(41.945574091, -87.688077853)",60618
129,"(41.867401835, -87.725083688)",60624
130,"(41.867602722, -87.725382743)",60624
131,"(41.970134736, -87.747723797)",60630
132,"(41.891134484, -87.61908944)",60611
133,"(41.986119389, -87.78774082700001)",60646
134,"(41.866257378, -87.72687882)",60624
135,"(41.780056986999995, -87.61975472)",60637
136,"(41.736987090999996, -87.572901178)",60617
137,"(41.779297609000004, -87.615749875)",60637
138,"(41.938805468000005, -87.668778779)",60657
139,"(41.835958018, -87.668790267)",60608
140,"(41.792519997, -87.70367640299999)",60629
141,"(41.793392372, -87.704348421)",60632
142,"(41.793614646, -87.704170355)",60632
143,"(41.909745674, -87.728563295)",60639
144,"(41.913374831, -87.7265886)",60639
145,"(41.909972425, -87.72805041)",60639
146,"(41.7217117, -87.62223329999999)",60619
147,"(41.880139, -87.7421358)",60644
148,"(41.795957, -87.626323)",60609
149,"(41.6884623, -87.6558601)",60643
150,"(41.7575678, -87.5992536)",60619
151,"(41.9164818, -87.6550877)",60614
152,"(41.6985287, -87.53319479999999)",60617
153,"(41.8629807, -87.6596682)",60608
154,"(41.9421323, -87.6914608)",60618
155,"(41.730453, -87.6679606)",60620
156,"(41.93397239999999, -87.6558124)",60657
157,"(41.7660249, -87.5692242)",60649
158,"(41.918921, -87.776404)",60639
159,"(41.8278882, -87.6329602)",60609
160,"(41.9242896, -87.76403359999999)",60639
161,"(41.8002895, -87.5849758)",60615
162,"(41.8859035, -87.7154043)",60624
163,"(41.9733858, -87.71350439999999)",60625
164,"(41.9711021, -87.7094221)",60625
165,"(41.9296481, -87.6459706)",60614
166,"(41.6574136, -87.6074687)",60827
167,"(41.9351308, -87.6952606)",60618
168,"(41.6841712, -87.677566)",60643
169,"(41.9036405, -87.76667119999999)",60651
170,"(41.8747358, -87.693715)",60612
171,"(41.7649924, -87.65798830000001)",60636
172,"(41.9161874, -87.72246299999999)",60647
173,"(41.9133813, -87.78027480000002)",60639
174,"(41.9750909, -87.6803091)",60625
175,"(41.8083167, -87.5922259)",60615
176,"(41.9024109, -87.67430440000001)",60622
177,"(41.8268008, -87.6204427)",60653
178,"(41.77816680000001, -87.6822552)",60636
179,"(41.9770899, -87.669264)",60640
180,"(41.918509, -87.6602796)",60614
181,"(41.6922803, -87.5319701)",60617
182,"(41.9379315, -87.72677089999999)",60641
183,"(41.9660193, -87.6521886)",60640
184,"(41.6916659, -87.6083809)",60628
185,"(41.80400969999999, -87.7357124)",60632
186,"(41.8109791, -87.59842119999999)",60653
187,"(41.8340484, -87.6500959)",60608
188,"(41.83417439999999, -87.6350089)",60616
189,"(41.8356259, -87.6490097)",60608
190,"(41.814061, -87.6109949)",60653
191,"(42.0111743, -87.68441969999999)",60645
192,"(41.8735966, -87.7592027)",60644
193,"(41.8722099, -87.6588229)",60607
194,"(41.7418901, -87.7099618)",60652
195,"(41.7421401, -87.7067141)",60652
196,"(41.7400343, -87.6009832)",60619
197,"(41.9688535, -87.74817329999999)",60630
198,"(41.8172197, -87.6246682)",60653
199,"(41.9664747, -87.6558529)",60640
200,"(41.9467205, -87.7169804)",60618
201,"(41.753072, -87.63495499999999)",60620
202,"(41.9453833, -87.6811506)",60618
203,"(41.8988393, -87.7367908)",60651
204,"(41.8879961, -87.7739753)",60644
205,"(41.8951818, -87.76033509999999)",60651
206,"(41.9759391, -87.7789081)",60630
207,"(41.88500440000001, -87.76249279999999)",60644
208,"(41.888194, -87.76577909999999)",60644
209,"(41.7437383, -87.5941856)",60619
210,"(41.7485226, -87.5912872)",60619
211,"(41.9351698, -87.70871489999999)",60618
212,"(41.9412821, -87.71524649999999)",60618
213,"(41.7707098, -87.7395655)",60629
214,"(41.8044432, -87.6575739)",60609
215,"(41.9900488, -87.71312329999999)",60659
216,"(41.7731916, -87.63682109999999)",60621
217,"(41.90948179999999, -87.7785488)",60639
218,"(41.8472192, -87.680601)",60608
219,"(41.870131, -87.6971349)",60612
220,"(41.7031778, -87.6708424)",60643
221,"(41.705373, -87.65851459999999)",60643
222,"(41.8521615, -87.67688299999999)",60608
223,"(41.9326996, -87.73987790000001)",60641
224,"(41.75460959999999, -87.67149739999999)",60620
225,"(41.774826, -87.65379779999999)",60621
226,"(41.9581759, -87.7026015)",60618
227,"(41.9164587, -87.6417884)",60614
228,"(41.6996246, -87.6712012)",60643
229,"(41.9699408, -87.790275)",60706
230,"(41.7990167, -87.6248351)",60615
231,"(41.9720396, -87.75681850000001)",60630
232,"(41.782694, -87.59165899999999)",60637
233,"(41.8092041, -87.62715899999999)",60609
234,"(41.8851078, -87.70488879999999)",60612
235,"(41.912869, -87.7239692)",60647
236,"(41.958895, -87.733679)",60641
237,"(41.9352459, -87.7960202)",60634
238,"(41.9494917, -87.6865742)",60618
239,"(41.924838, -87.77026599999999)",60639
240,"(41.71052479999999, -87.6169857)",60628
241,"(41.9511593, -87.6475437)",60613
242,"(41.7330945, -87.5555985)",60617
243,"(41.8829556, -87.73127629999999)",60624
244,"(42.0052347, -87.69231599999999)",60645
245,"(41.8703061, -87.7023)",60612
246,"(41.7082007, -87.68315729999999)",60655
247,"(41.7232858, -87.661833)",60620
248,"(41.713303, -87.6679798)",60643
249,"(41.892473, -87.66381439999999)",60642
250,"(41.8127769, -87.61524299999999)",60653
251,"(41.7922491, -87.5932457)",60637
252,"(41.729207, -87.5763834)",60617
253,"(41.9228767, -87.751605)",60639
254,"(41.6847207, -87.6670141)",60643
255,"(41.9509477, -87.6650058)",60613
256,"(41.7763365, -87.789709)",60638
257,"(41.7067469, -87.6328467)",60628
258,"(41.9950262, -87.7053763)",60659
259,"(41.7487644, -87.7206719)",60652
260,"(41.6919429, -87.67093969999999)",60643
261,"(41.8699144, -87.717038)",60624
262,"(41.7657146, -87.6534178)",60621
263,"(41.7884892, -87.65648929999999)",60636
264,"(42.0039664, -87.6979523)",60645
265,"(41.83923069999999, -87.65377289999999)",60608
266,"(41.773573, -87.5984797)",60637
267,"(41.7611357, -87.57607039999999)",60649
268,"(41.7344345, -87.55750069999999)",60617
269,"(41.71809710000001, -87.5643236)",60617
270,"(41.7548658, -87.55777669999999)",60649
271,"(41.7270772, -87.654913)",60620
272,"(41.941243, -87.699535)",60618
273,"(41.9600422, -87.6492392)",60613
274,"(41.931012, -87.69604269999999)",60647
275,"(41.9794596, -87.8434879)",60656
276,"(41.949675, -87.7989339)",60634
277,"(41.8266894, -87.6426221)",60609
278,"(41.6997402, -87.5623159)",60617
279,"(41.8297016, -87.69833779999999)",60632
280,"(41.8239989, -87.6918618)",60632
281,"(41.9975768, -87.70471859999999)",60659
282,"(41.9800704, -87.6599888)",60640
283,"(41.9628196, -87.66097769999999)",60640
284,"(41.81982929999999, -87.6269947)",60609
285,"(41.8119775, -87.5993191)",60653
286,"(42.0092711, -87.80667)",60631
287,"(41.6941384, -87.6158444)",60628
288,"(41.7110849, -87.71997309999999)",60655
289,"(41.7383971, -87.6086796)",60619
290,"(41.6648631, -87.6386967)",60628
291,"(41.882633, -87.6705831)",60612
292,"(41.7715893, -87.62140649999999)",60637
293,"(41.897163, -87.76606400000001)",60651
294,"(41.9840401, -87.72845509999999)",60646
295,"(41.7270568, -87.5645093)",60617
296,"(41.815197, -87.617955)",60653
297,"(41.9753187, -87.6968823)",60625
298,"(41.9586072, -87.65656129999999)",60613
299,"(41.9631994, -87.6988393)",60625
300,"(41.7751925, -87.6637097)",60636
301,"(41.9176413, -87.7818119)",60639
302,"(41.7206139, -87.5772594)",60617
303,"(41.7968952, -87.6160225)",60615
304,"(41.9380894, -87.66983049999999)",60657
305,"(41.7240178, -87.5972623)",60619
306,"(41.7288177, -87.60766)",60619
307,"(41.91212700000001, -87.6686796)",60622
308,"(41.8288647, -87.69269919999999)",60632
309,"(41.9723622, -87.65490199999999)",60640
310,"(41.7986855, -87.59662580000001)",60615
311,"(41.7948196, -87.79101759999999)",60638
312,"(41.9918762, -87.69980079999999)",60659
313,"(41.9904941, -87.65483139999999)",60660
314,"(41.8974793, -87.72210830000002)",60651
315,"(41.7392845, -87.5815346)",60617
316,"(41.8781359, -87.6975332)",60612
317,"(41.9517076, -87.6970874)",60618
318,"(41.8245538, -87.71140009999999)",60632
319,"(41.7459618, -87.6515055)",60620
320,"(41.7178298, -87.5306437)",60617
321,"(41.9040722, -87.7182183)",60651
322,"(41.93535929999999, -87.7703738)",60634
323,"(41.842111, -87.6657575)",60608
324,"(41.80465239999999, -87.5900906)",60615
325,"(41.94792899999999, -87.829899)",60634
326,"(41.7368137, -87.57774789999999)",60617
327,"(41.84843499999999, -87.71559719999999)",60623
328,"(41.8477075, -87.7152998)",60623
329,"(41.93175859999999, -87.67048679999999)",60614
330,"(41.9820411, -87.77399489999999)",60630
331,"(41.9985201, -87.7631388)",60646
332,"(41.9745965, -87.6608776)",60640
333,"(41.7835894, -87.5910163)",60637
334,"(41.78166299999999, -87.650565)",60621
335,"(41.8939416, -87.6587921)",60642
336,"(41.7421281, -87.6968203)",60652
337,"(41.793112, -87.687934)",60629
338,"(41.79001179999999, -87.6223529)",60637
339,"(41.6558488, -87.5986161)",60827
340,"(42.3327874, -87.8636813)",60064
341,"(41.653157, -87.6009888)",60827
342,"(41.90404179999999, -87.71457550000001)",60651
343,"(41.6875193, -87.70396290000001)",60655
344,"(41.8455403, -87.71514309999999)",60623
345,"(41.814104, -87.72782099999999)",60632
346,"(41.8832454, -87.6993324)",60612
347,"(41.9078693, -87.6358492)",60610
348,"(41.9786773, -87.6578954)",60640
349,"(41.9920952, -87.7985949)",60631
350,"(41.89431820000001, -87.71627339999999)",60624
351,"(41.954629, -87.6572544)",60613
352,"(41.8661963, -87.6951283)",60608
353,"(41.8173018, -87.5993836)",60653
354,"(41.9750319, -87.6842531)",60625
355,"(41.918172, -87.6942832)",60647
356,"(41.9678729, -87.6693414)",60640
357,"(41.8073824, -87.6657907)",60609
358,"(42.01531689999999, -87.700188)",60645
359,"(41.7677341, -87.58902479999999)",60637
360,"(41.9393428, -87.6834526)",60618
361,"(41.9430077, -87.77735589999999)",60634
362,"(41.8965186, -87.6531728)",60642
363,"(41.6913273, -87.71612239999999)",60655
364,"(41.8256821, -87.6675037)",60609
365,"(41.93177379999999, -87.7546083)",60639
366,"(41.9845136, -87.7287498)",60646
367,"(41.9442229, -87.64263179999999)",60657
368,"(41.8701894, -87.6805182)",60612
369,"(41.92249839999999, -87.68083229999999)",60647
370,"(41.7203832, -87.655901)",60643
371,"(41.9908915, -87.72756849999999)",60659
372,"(41.6844598, -87.6167782)",60628
373,"(41.7834911, -87.62153200000002)",60637
374,"(41.9217723, -87.7765625)",60639
375,"(41.8778555, -87.6991705)",60612
376,"(41.8771777, -87.7516546)",60644
377,"(41.8672328, -87.6724245)",60608
378,"(42.0129142, -87.6746679)",60626
379,"(41.8301051, -87.6189808)",60653
380,"(41.7669482, -87.62223469999999)",60637
381,"(41.7689197, -87.6563164)",60636
382,"(41.8808261, -87.65001889999999)",60607
383,"(41.7384975, -87.5725195)",60617
384,"(42.0016472, -87.6637475)",60626
385,"(41.8652136, -87.7254663)",60623
386,"(41.8648675, -87.72478029999999)",60623
387,"(41.66120799999999, -87.640973)",60628
388,"(41.7957122, -87.59386119999999)",60615
389,"(41.8507437, -87.6316269)",60616
390,"(42.0046431, -87.7045938)",60645
391,"(41.9432061, -87.762451)",60641
392,"(41.8970977, -87.6885334)",60622
393,"(41.6863447, -87.61319950000001)",60628
394,"(41.9076355, -87.7596148)",60651
395,"(41.7254553, -87.67451980000001)",60643
396,"(41.8285967, -87.6059032)",60653
397,"(41.8597919, -87.7091286)",60623
398,"(41.8016594, -87.6858604)",60632
399,"(41.9146158, -87.6775729)",60647
400,"(41.748439, -87.66944339999999)",60620
401,"(41.8828423, -87.7654124)",60644
402,"(41.8730337, -87.6854996)",60612
403,"(41.96367739999999, -87.64931589999999)",60640
404,"(41.8678731, -87.769894)",60644
405,"(41.8767224, -87.740962)",60644
406,"(41.9433816, -87.6946043)",60618
407,"(41.8724677, -87.7526627)",60644
408,"(41.65469340000001, -87.5440749)",60633
409,"(41.9033448, -87.685932)",60622
410,"(41.9026168, -87.68612949999999)",60622
411,"(41.9516981, -87.7059151)",60618
412,"(41.9931865, -87.6982638)",60659
413,"(41.6929416, -87.6807159)",60643
414,"(41.921982, -87.66321099999999)",60614
415,"(41.9129985, -87.6524106)",60614
416,"(41.9834901, -87.66135100000001)",60640
417,"(41.7837259, -87.62422699999999)",60637
418,"(41.7401361, -87.6156496)",60619
419,"(41.7964564, -87.6032658)",60615
420,"(41.6774712, -87.65955819999999)",60643
421,"(41.74161429999999, -87.5655081)",60617
422,"(41.8622781, -87.62571410000001)",60605
423,"(41.86436250000001, -87.7010703)",60623
424,"(41.8109217, -87.7044239)",60632
425,"(41.8996893, -87.6814153)",60622
426,"(41.8737893, -87.76496130000001)",60644
427,"(41.865081, -87.7247639)",60623
428,"(41.7513598, -87.6416157)",60620
429,"(41.896629, -87.6738079)",60622
430,"(41.8985952, -87.6267053)",60611
431,"(41.7458533, -87.66016599999999)",60620
432,"(41.9554175, -87.6839971)",60618
433,"(41.6812613, -87.65545940000001)",60643
434,"(41.8561772, -87.66726390000001)",60608
435,"(41.784509, -87.6573787)",60636
436,"(41.8454986, -87.7320658)",60623
437,"(41.7065428, -87.6025983)",60628
438,"(41.7958793, -87.5854264)",60615
439,"(41.802523, -87.67007269999999)",60609
440,"(41.9026045, -87.634106)",60610
441,"(41.7283392, -87.6746297)",60643
442,"(41.86191729999999, -87.6291188)",60605
443,"(41.88343, -87.75254799999999)",60644
444,"(41.69349829999999, -87.671672)",60643
445,"(41.9579923, -87.6718558)",60613
446,"(41.9281734, -87.7578479)",60639
447,"(41.876848, -87.6832325)",60612
448,"(41.8600884, -87.72772909999999)",60623
449,"(41.87909250000001, -87.67842019999999)",60612
450,"(41.92221019999999, -87.667361)",60614
451,"(41.6966693, -87.677689)",60643
452,"(41.851826, -87.67294079999999)",60608
453,"(41.852819, -87.7128551)",60623
454,"(41.7403293, -87.551096)",60617
455,"(41.7420731, -87.6535167)",60620
456,"(41.7002756, -87.6116202)",60628
457,"(41.8022402, -87.721707)",60632
458,"(41.6857487, -87.622046)",60628
459,"(41.80240149999999, -87.6724481)",60609
460,"(41.9235103, -87.7053037)",60647
461,"(41.8222433, -87.7003271)",60632
462,"(41.9019434, -87.7621073)",60651
463,"(41.8132366, -87.6668854)",60609
464,"(41.771165, -87.666045)",60636
465,"(41.7473168, -87.6730596)",60620
466,"(41.7455946, -87.71863139999999)",60652
467,"(41.8714475, -87.634244)",60607
468,"(41.8604169, -87.6279242)",60605
469,"(41.9057847, -87.6855288)",60622
470,"(41.8310164, -87.62572139999999)",60616
471,"(41.8781592, -87.7656299)",60644
472,"(41.9070952, -87.67072429999999)",60622
473,"(41.8704072, -87.6295464)",60605
474,"(41.7496558, -87.5963147)",60619
475,"(42.0095099, -87.70490769999999)",60645
476,"(41.9114042, -87.7495842)",60639
477,"(41.9909155, -87.75344899999999)",60646
478,"(41.8787797, -87.7248061)",60624
479,"(41.997559, -87.663337)",60660
480,"(41.762424, -87.624028)",60619
481,"(41.8841724, -87.6849027)",60612
482,"(41.9425567, -87.81359049999999)",60634
483,"(41.7959436, -87.6423281)",60609
484,"(41.955363, -87.7522539)",60641
485,"(41.97317200000001, -87.8416002)",60656
486,"(41.9567418, -87.64699139999999)",60613
487,"(41.743127, -87.611012)",60619
488,"(41.7320212, -87.6020322)",60619
489,"(41.7578079, -87.59908949999999)",60619
490,"(41.8826702, -87.69291419999999)",60612
491,"(41.8710725, -87.69486839999999)",60612
492,"(41.8281504, -87.6478954)",60609
493,"(41.7533701, -87.70813199999999)",60652
494,"(41.8306422, -87.6122838)",60616
495,"(41.8308964, -87.61344509999999)",60653
496,"(41.7803131, -87.78784519999999)",60638
497,"(41.7249376, -87.5620095)",60617
498,"(41.86323470000001, -87.7020481)",60623
499,"(41.8359339, -87.6186606)",60616
500,"(41.8903861, -87.7671483)",60644
501,"(41.84373799999999, -87.617609)",60616
502,"(41.7675481, -87.6736083)",60636
503,"(41.9157206, -87.6744861)",60622
504,"(42.0172513, -87.6703359)",60626
505,"(41.6540012, -87.61420729999999)",60827
506,"(41.7796859, -87.616729)",60637
507,"(41.774602, -87.60127299999999)",60637
508,"(41.8383559, -87.62188739999999)",60616
509,"(41.84057139999999, -87.61797609999999)",60616
510,"(41.965953, -87.782342)",60630
511,"(41.6964204, -87.6397648)",60628
512,"(41.7391468, -87.7300731)",60652
513,"(41.73904700000001, -87.7298805)",60652
514,"(41.8989138, -87.63948719999999)",60610
515,"(41.8046858, -87.6251595)",60609
516,"(41.855021, -87.6539074)",60608
517,"(41.85858289999999, -87.7157865)",60623
518,"(41.8013958, -87.61238639999999)",60615
519,"(41.7264906, -87.5828207)",60617
520,"(41.7824613, -87.667909)",60636
521,"(41.774628, -87.70833510000001)",60629
522,"(42.0046525, -87.8108201)",60631
523,"(41.7462811, -87.5650344)",60617
524,"(41.8966966, -87.66140709999999)",60642
525,"(41.9994428, -87.76183530000002)",60646
526,"(41.9942041, -87.81378470000001)",60631
527,"(42.0040475, -87.8175957)",60631
528,"(41.784231, -87.6430642)",60621
529,"(41.659438, -87.64166999999999)",60628
530,"(41.8000925, -87.625787)",60609
531,"(41.8053759, -87.72553649999999)",60632
532,"(41.8849719, -87.7650286)",60644
533,"(41.8275296, -87.61162639999999)",60653
534,"(41.8004125, -87.59666800000001)",60615
535,"(41.9444386, -87.706524)",60618
536,"(41.792251, -87.6442469)",60621
537,"(41.7421561, -87.6725764)",60620
538,"(41.9948698, -87.6770939)",60660
539,"(41.8809312, -87.7640378)",60644
540,"(41.7820213, -87.6342184)",60621
541,"(41.8457328, -87.7302289)",60623
542,"(41.9161135, -87.6831924)",60622
543,"(41.87607939999999, -87.71646849999999)",60624
544,"(41.9069483, -87.6941154)",60622
545,"(41.782774, -87.6430759)",60621
546,"(41.689107, -87.669517)",60643
547,"(41.8914182, -87.6688319)",60622
548,"(41.7549485, -87.5900638)",60619
549,"(41.7157214, -87.6375936)",60628
550,"(41.9132237, -87.6332098)",60614
551,"(41.7281366, -87.64854489999999)",60620
552,"(41.83173910000001, -87.68109489999999)",60608
553,"(41.8290346, -87.66755839999999)",60609
554,"(41.93986779999999, -87.6456551)",60657
555,"(41.7156457, -87.63896930000001)",60628
556,"(41.7172417, -87.5352767)",60617
557,"(41.7490917, -87.6637731)",60620
558,"(41.7806058, -87.69160629999999)",60629
559,"(41.9355906, -87.7506105)",60641
560,"(41.8798883, -87.7082623)",60624
561,"(41.9802178, -87.76656679999999)",60630
562,"(41.8493374, -87.7083014)",60623
563,"(41.7535399, -87.5813204)",60649
564,"(41.939563, -87.67915939999999)",60618
565,"(41.6896803, -87.63835449999999)",60628
566,"(41.7673044, -87.5902468)",60637
567,"(41.7042165, -87.6383391)",60628
568,"(41.7110227, -87.6402505)",60628
569,"(41.7215108, -87.63395969999999)",60628
570,"(42.00962810000001, -87.6694199)",60626
571,"(41.9739865, -87.7223829)",60625
572,"(41.953537, -87.675045)",60613
573,"(41.8494453, -87.6869415)",60608
574,"(41.7828402, -87.60273699999999)",60637
575,"(41.9148126, -87.69190929999999)",60647
576,"(41.7750194, -87.59606149999999)",60637
577,"(41.9397716, -87.7527327)",60641
578,"(41.977859, -87.7540999)",60630
579,"(41.7299219, -87.65497289999999)",60620
580,"(41.864722, -87.6588229)",60608
581,"(41.7413927, -87.6583636)",60620
582,"(41.7386327, -87.6685596)",60620
583,"(41.8964647, -87.62761069999999)",60654
584,"(41.92319519999999, -87.6384928)",60614
585,"(41.7692969, -87.6337463)",60621
586,"(41.861171, -87.7335878)",60623
587,"(41.9060674, -87.6359593)",60610
588,"(41.8668215, -87.7262167)",60624
589,"(41.907126, -87.6461697)",60610
590,"(41.8180574, -87.61232790000001)",60653
591,"(41.8122536, -87.63460839999999)",60609
592,"(41.7971263, -87.6687067)",60609
593,"(41.9177477, -87.7171339)",60647
594,"(41.7938644, -87.68454709999999)",60632
595,"(41.7910307, -87.6897308)",60629
596,"(42.020606, -87.6707064)",60626
597,"(42.0206137, -87.6713468)",60626
598,"(41.9124286, -87.76898550000001)",60639
599,"(41.871056, -87.65372740000001)",60607
600,"(41.7068834, -87.5349293)",60617
601,"(41.6813598, -87.6482073)",60643
602,"(41.8814165, -87.715873)",60624
603,"(41.8118355, -87.6321122)",60609
604,"(41.8716496, -87.6652757)",60607
605,"(41.7065861, -87.6471333)",60643
606,"(41.9760619, -87.7958862)",60656
607,"(41.83787969999999, -87.7187629)",60623
608,"(41.7082497, -87.6031819)",60628
609,"(41.971689, -87.69017730000002)",60625
610,"(41.9587256, -87.65024849999999)",60613
611,"(41.7505657, -87.71335619999999)",60652
612,"(41.687708, -87.5359574)",60617
613,"(41.952355, -87.6505937)",60613
614,"(41.7252002, -87.6231245)",60619
615,"(41.8608428, -87.7116411)",60623
616,"(41.9791707, -87.7730539)",60630
617,"(41.8653843, -87.67574019999999)",60608
618,"(41.87621120000001, -87.70873689999999)",60624
619,"(41.8074018, -87.7401728)",60632
620,"(41.7966195, -87.76458799999999)",60638
621,"(41.922683, -87.6932528)",60647
622,"(42.0109824, -87.66586699999999)",60626
623,"(41.8775566, -87.7319598)",60624
624,"(41.65912609999999, -87.60969659999999)",60628
625,"(41.6705466, -87.62318929999999)",60628
626,"(41.9762899, -87.7366662)",60630
627,"(41.7816454, -87.6756705)",60636
628,"(41.966724, -87.66300100000001)",60640
629,"(41.9480946, -87.6973069)",60618
630,"(41.9052359, -87.6271677)",60610
631,"(41.9757851, -87.6582002)",60640
632,"(41.9303398, -87.7560436)",60639
633,"(41.8407426, -87.72709610000001)",60623
634,"(41.8134222, -87.6432306)",60609
635,"(41.8495905, -87.625416)",60616
636,"(41.901576, -87.7148699)",60651
637,"(41.7556929, -87.6012188)",60619
638,"(41.978035, -87.83906089999999)",60656
639,"(41.8791604, -87.6882174)",60612
640,"(41.9370397, -87.7051199)",60618
641,"(41.7074349, -87.66044509999999)",60643
642,"(41.9490944, -87.75741289999999)",60641
643,"(41.9531958, -87.6507632)",60613
644,"(41.9991496, -87.7660485)",60646
645,"(41.9906437, -87.6962041)",60659
646,"(41.7195222, -87.65239419999999)",60643
647,"(41.9116005, -87.73370179999999)",60639
648,"(41.8296803, -87.6712481)",60609
649,"(41.8278556, -87.6776525)",60609
650,"(41.8703954, -87.71853519999999)",60624
651,"(41.7387531, -87.6453401)",60620
652,"(41.7756473, -87.7584057)",60638
653,"(41.662351, -87.55353749999999)",60633
654,"(41.9687002, -87.6966492)",60625
655,"(41.7636438, -87.6489991)",60621
656,"(41.8132768, -87.69924379999999)",60632
657,"(41.9251779, -87.6952498)",60647
658,"(41.84976150000001, -87.6339015)",60616
659,"(41.7804544, -87.7769521)",60638
660,"(41.8049928, -87.6071644)",60615
661,"(41.6863684, -87.63340769999999)",60628
662,"(41.7628279, -87.63769239999999)",60621
663,"(41.9454775, -87.6706494)",60657
664,"(41.9370863, -87.6805212)",60618
665,"(41.8072923, -87.6609932)",60609
666,"(41.8525332, -87.6958882)",60623
667,"(41.75377640000001, -87.7089941)",60652
668,"(41.7919803, -87.72493779999999)",60629
669,"(41.9970869, -87.70534610000001)",60659
670,"(41.7920273, -87.6207767)",60637
671,"(41.92332510000001, -87.7621296)",60639
672,"(41.9026929, -87.72489)",60651
673,"(41.8050726, -87.61805389999999)",60615
674,"(41.7181944, -87.62127720000001)",60619
675,"(41.7749901, -87.6695661)",60636
676,"(41.772516, -87.64029699999999)",60621
677,"(41.7819343, -87.604879)",60637
678,"(41.8569085, -87.671916)",60608
679,"(41.8140265, -87.5953297)",60653
680,"(41.793697, -87.5867468)",60637
681,"(41.7576032, -87.6323572)",60620
682,"(41.9637367, -87.72362799999999)",60625
683,"(41.9661979, -87.7218245)",60625
684,"(41.9422972, -87.65751519999999)",60657
685,"(41.8994959, -87.7562501)",60651
686,"(41.7390058, -87.697062)",60652
687,"(41.9947363, -87.66849959999999)",60660
688,"(41.892661, -87.7741006)",60644
689,"(41.8392179, -87.64083889999999)",60616
690,"(41.80856259999999, -87.7461579)",60638
691,"(41.8076877, -87.6734511)",60609
692,"(41.8069588, -87.67365300000002)",60609
693,"(41.8783168, -87.736047)",60624
694,"(41.7907609, -87.67241890000001)",60636
695,"(41.8159706, -87.6338782)",60609
696,"(41.9586697, -87.71592419999999)",60618
697,"(41.8692274, -87.710009)",60624
698,"(41.8636018, -87.72180999999999)",60623
699,"(41.8796875, -87.6806019)",60612
700,"(41.8796139, -87.64317299999999)",60661
701,"(41.7872259, -87.668464)",60636
702,"(41.9220571, -87.7395626)",60639
703,"(41.7938358, -87.7119563)",60632
704,"(41.7441524, -87.5530386)",60617
705,"(41.86150070000001, -87.7183603)",60623
706,"(41.8620834, -87.72017699999999)",60623
707,"(41.9439797, -87.8277079)",60634
708,"(41.970866, -87.7103849)",60625
709,"(41.970152, -87.658052)",60640
710,"(41.6809259, -87.64743779999999)",60643
711,"(41.7655732, -87.64138129999999)",60621
712,"(41.7542233, -87.60162810000001)",60619
713,"(41.983825, -87.77861899999999)",60646
714,"(41.763423, -87.59940759999999)",60619
715,"(41.7624023, -87.585577)",60649
716,"(41.838398, -87.654055)",60608
717,"(41.8204261, -87.602851)",60653
718,"(41.9884845, -87.7122215)",60659
719,"(41.7588071, -87.5559803)",60649
720,"(41.7936529, -87.64959619999999)",60621
721,"(41.9216453, -87.6850872)",60647
722,"(41.8214902, -87.60770939999999)",60653
723,"(41.8696937, -87.7117741)",60624
724,"(41.81493409999999, -87.6977459)",60632
725,"(41.684637, -87.655811)",60643
726,"(41.9029929, -87.6642454)",60642
727,"(41.8694558, -87.67397659999999)",60612
728,"(41.852127, -87.7104729)",60623
729,"(41.810148, -87.60987500000002)",60653
730,"(41.7933941, -87.64087909999999)",60621
731,"(41.883751, -87.6679178)",60612
732,"(41.7768811, -87.69120120000001)",60629
733,"(41.8756579, -87.7033878)",60612
734,"(41.861877, -87.720512)",60623
735,"(41.96055399999999, -87.6977103)",60618
736,"(41.8040531, -87.6064438)",60615
737,"(41.89354669999999, -87.7599539)",60644
738,"(41.8584975, -87.7084493)",60623
739,"(41.7331395, -87.5677262)",60617
740,"(41.8316338, -87.6788017)",60608
741,"(41.888903, -87.75003099999999)",60644
742,"(41.7805453, -87.71790159999999)",60629
743,"(41.782198, -87.595134)",60637
744,"(41.71417599999999, -87.66787699999999)",60643
745,"(41.8605835, -87.7325458)",60623
746,"(41.7052674, -87.62896119999999)",60628
747,"(41.8380774, -87.6427156)",60616
748,"(41.9066384, -87.70143089999999)",60622
749,"(41.9152275, -87.7012704)",60647
750,"(41.786164, -87.61948799999999)",60637
751,"(41.7120344, -87.66889979999999)",60643
752,"(41.7664033, -87.7191981)",60629
753,"(41.7821436, -87.5872366)",60637
754,"(41.98922150000001, -87.7049399)",60659
755,"(41.9380041, -87.7875509)",60634
756,"(41.9083708, -87.6359598)",60610
757,"(41.735851, -87.5527832)",60617
758,"(41.9863153, -87.8089803)",60631
759,"(41.9507422, -87.7107276)",60618
760,"(41.9534394, -87.7248517)",60618
761,"(42.0086904, -87.6923717)",60645
762,"(41.9929198, -87.7784161)",60646
763,"(41.8799204, -87.6248116)",60602
764,"(41.9828932, -87.84330740000001)",60631
765,"(41.8717354, -87.6832998)",60612
766,"(41.9504273, -87.73052659999999)",60641
767,"(41.7419418, -87.63940989999999)",60620
768,"(41.8159852, -87.6213846)",60653
769,"(41.87476849999999, -87.66111649999999)",60607
770,"(41.7338455, -87.6469571)",60620
771,"(41.9664309, -87.6980445)",60625
772,"(41.8438708, -87.661141)",60608
773,"(41.9390936, -87.67531249999999)",60657
774,"(41.8611098, -87.70341719999999)",60623
775,"(41.9844136, -87.70096590000001)",60659
776,"(41.8570285, -87.6451072)",60616
777,"(41.886112, -87.70418699999999)",60612
778,"(41.858778, -87.64218799999999)",60616
779,"(41.9687027, -87.76276279999999)",60630
780,"(41.922993, -87.7212713)",60647
781,"(41.9005972, -87.6411033)",60610
782,"(41.9656189, -87.721081)",60625
783,"(41.8740779, -87.70217)",60612
784,"(42.00367749999999, -87.708897)",60645
785,"(41.9912637, -87.7099708)",60659
786,"(41.7678338, -87.6675642)",60636
787,"(41.861866, -87.7034175)",60623
788,"(41.8663563, -87.6284735)",60605
789,"(41.8743132, -87.6279679)",60605
790,"(41.9289875, -87.6546221)",60614
791,"(41.7494853, -87.66908699999999)",60620
792,"(42.0170855, -87.67803099999999)",60626
793,"(41.9092512, -87.68409079999999)",60622
794,"(41.864954, -87.654696)",60608
795,"(41.853725, -87.6636381)",60608
796,"(41.70594639999999, -87.65424)",60643
797,"(41.7780209, -87.63434889999999)",60621
798,"(41.8586458, -87.6525551)",60608
799,"(41.94863, -87.66647069999999)",60613
800,"(41.6937764, -87.67716240000001)",60643
801,"(41.803162, -87.590881)",60615
802,"(41.8504537, -87.70459220000001)",60623
803,"(41.9062317, -87.73042769999999)",60651
804,"(41.8648574, -87.73003469999999)",60623
805,"(41.697413, -87.6969168)",60655
806,"(41.8713107, -87.7006143)",60612
807,"(41.7252339, -87.6768077)",60643
808,"(41.8955426, -87.7065492)",60651
809,"(41.9510956, -87.6568135)",60613
810,"(41.8190606, -87.6938068)",60632
811,"(41.8186133, -87.6951172)",60632
812,"(41.928971, -87.7381063)",60639
813,"(41.92722490000001, -87.7360376)",60639
814,"(41.939312, -87.65530299999999)",60657
815,"(41.6871472, -87.68173019999999)",60643
816,"(41.7902256, -87.78031639999999)",60638
817,"(41.8142925, -87.5972855)",60653
818,"(41.6799322, -87.6161269)",60628
819,"(41.93488809999999, -87.73366329999999)",60641
820,"(41.8035048, -87.5900132)",60615
821,"(41.8047591, -87.5943398)",60615
822,"(41.776679, -87.6413967)",60621
823,"(41.890019, -87.76607399999999)",60644
824,"(41.9114723, -87.7275949)",60639
825,"(41.9446117, -87.7394581)",60641
826,"(42.0041902, -87.6684729)",60626
827,"(41.8717523, -87.68962230000001)",60612
828,"(41.7541202, -87.6543617)",60620
829,"(41.8138729, -87.60296009999999)",60653
830,"(41.8878055, -87.7553167)",60644
831,"(41.7902142, -87.77902429999999)",60638
832,"(41.7237047, -87.6390588)",60620
833,"(41.8979858, -87.7469217)",60651
834,"(41.97362469999999, -87.7110707)",60625
835,"(41.7048032, -87.6240471)",60628
836,"(41.9570303, -87.7418483)",60641
837,"(41.9939266, -87.6885398)",60659
838,"(41.9315116, -87.7237361)",60647
839,"(41.7984806, -87.6023927)",60615
840,"(41.7028549, -87.5368764)",60617
841,"(41.8330466, -87.6666722)",60608
842,"(41.7220856, -87.60086989999999)",60619
843,"(41.736052, -87.6663669)",60620
844,"(41.86712319999999, -87.7109965)",60624
845,"(41.90531439999999, -87.7552631)",60651
846,"(41.8994704, -87.6948413)",60622
847,"(41.8378996, -87.61336430000001)",60616
848,"(41.896789, -87.6206212)",60611
849,"(41.9032652, -87.6361178)",60610
850,"(41.9839098, -87.6685299)",60660
851,"(41.94757269999999, -87.6478523)",60613
852,"(41.9552279, -87.6686125)",60613
853,"(41.6958166, -87.65710220000001)",60643
854,"(41.945431, -87.690618)",60618
855,"(42.0016337, -87.67452180000001)",60626
856,"(41.689016, -87.603093)",60628
857,"(41.81005500000001, -87.6722915)",60609
858,"(41.9138171, -87.63804300000001)",60614
859,"(41.861415, -87.709653)",60623
860,"(41.9107716, -87.6312389)",60610
861,"(41.910463, -87.62978690000001)",60610
862,"(41.8546431, -87.69524609999999)",60608
863,"(41.696449, -87.62705679999999)",60628
864,"(41.7760009, -87.75244070000001)",60638
865,"(41.8631549, -87.7132915)",60623
866,"(41.7092873, -87.5665387)",60617
867,"(41.9695232, -87.70005429999999)",60625
868,"(42.0044954, -87.6630931)",60626
869,"(41.8129778, -87.7526003)",60638
870,"(41.888698, -87.77265299999999)",60644
871,"(41.735266, -87.714333)",60652
872,"(41.7753601, -87.7293478)",60629
873,"(41.9830805, -87.70685979999999)",60659
874,"(41.8739211, -87.75558079999999)",60644
875,"(41.7567282, -87.6408135)",60620
876,"(41.9487247, -87.65127)",60613
877,"(41.7466777, -87.6275455)",60620
878,"(41.7503284, -87.64707349999999)",60620
879,"(42.0097216, -87.7044793)",60645
880,"(41.8891912, -87.76334609999999)",60644
881,"(41.9070671, -87.75431859999999)",60651
882,"(41.7972148, -87.6600442)",60609
883,"(41.7821475, -87.5976348)",60637
884,"(41.7651164, -87.6398945)",60621
885,"(41.847536, -87.71156200000001)",60623
886,"(41.8585918, -87.6271587)",60616
887,"(41.9243523, -87.6445328)",60614
888,"(41.9191218, -87.64555089999999)",60614
889,"(41.7834138, -87.6746801)",60636
890,"(41.78208730000001, -87.67215379999999)",60636
891,"(41.9021446, -87.7262842)",60651
892,"(41.9402447, -87.70213559999999)",60618
893,"(41.9747178, -87.6916906)",60625
894,"(41.69208160000001, -87.6797594)",60643
895,"(41.6987467, -87.5302035)",60617
896,"(41.8018799, -87.68150949999999)",60609
897,"(41.8429471, -87.7175044)",60623
898,"(41.8351557, -87.73557369999999)",60623
899,"(41.7225637, -87.5509527)",60617
900,"(41.919018, -87.7482678)",60639
901,"(41.9316111, -87.79638279999999)",60634
902,"(41.8773313, -87.7042877)",60612
903,"(41.9342571, -87.70799070000001)",60618
904,"(41.8571839, -87.71153489999999)",60623
905,"(41.9400535, -87.7242263)",60618
906,"(41.7500187, -87.7067368)",60652
907,"(41.9126297, -87.78426280000001)",60639
908,"(41.7995956, -87.6416314)",60609
909,"(41.9067042, -87.71053189999999)",60651
910,"(41.90920190000001, -87.66477520000001)",60642
911,"(41.90779029999999, -87.6647351)",60642
912,"(42.0069136, -87.6995628)",60645
913,"(41.9972629, -87.7060951)",60659
914,"(41.7129127, -87.5682047)",60617
915,"(41.7925922, -87.64633359999999)",60621
916,"(42.0087052, -87.687484)",60645
917,"(41.9574434, -87.7703645)",60634
918,"(41.735285, -87.7003654)",60652
919,"(41.9552378, -87.646237)",60613
920,"(41.953954, -87.7359769)",60641
921,"(41.7542973, -87.6398482)",60620
922,"(41.934333, -87.77688859999999)",60634
923,"(41.8256695, -87.61439709999999)",60653
924,"(41.841524, -87.7052983)",60623
925,"(41.7600198, -87.5904492)",60619
926,"(41.8727598, -87.7071345)",60624
927,"(41.79545400000001, -87.6345319)",60609
928,"(41.8236861, -87.6074701)",60653
929,"(41.907759, -87.6402971)",60610
930,"(41.8705589, -87.6997119)",60612
931,"(41.6591714, -87.549461)",60633
932,"(41.7488009, -87.5754114)",60617
933,"(41.9187159, -87.71027219999999)",60647
934,"(41.9112273, -87.6909058)",60647
935,"(41.8842896, -87.7394384)",60624
936,"(41.7709745, -87.69251009999999)",60629
937,"(41.901786, -87.6277908)",60611
938,"(41.6848219, -87.72404379999999)",60655
939,"(41.7709893, -87.7030318)",60629
940,"(41.77517719999999, -87.6971257)",60629
941,"(41.7168807, -87.55237699999999)",60617
942,"(41.8790132, -87.70698709999999)",60624
943,"(41.9522637, -87.72047649999999)",60618
944,"(41.7357665, -87.6644002)",60620
945,"(41.939215, -87.652666)",60657
946,"(41.74726099999999, -87.669055)",60620
947,"(41.8564752, -87.73081359999999)",60623
948,"(41.8834826, -87.7285216)",60624
949,"(41.7740245, -87.61549)",60637
950,"(42.0076725, -87.6813073)",60645
951,"(41.9092399, -87.71884899999999)",60651
952,"(41.98791629999999, -87.70114430000001)",60659
953,"(41.8736435, -87.7557412)",60644
954,"(41.9229612, -87.6576992)",60614
955,"(41.9630974, -87.7420401)",60630
956,"(41.8271544, -87.61983459999999)",60653
957,"(41.77270800000001, -87.646416)",60621
958,"(41.7939677, -87.66949509999999)",60609
959,"(41.9146393, -87.7234738)",60647
960,"(41.8303654, -87.6408429)",60609
961,"(41.8420103, -87.70659309999999)",60623
962,"(41.77535839999999, -87.60908169999999)",60637
963,"(41.9711969, -87.6544481)",60640
964,"(41.9705619, -87.6562558)",60640
965,"(41.734354, -87.618014)",60619
966,"(41.7328045, -87.5899013)",60619
967,"(41.8411442, -87.6485994)",60608
968,"(41.8130543, -87.64443709999999)",60609
969,"(41.7677443, -87.6915121)",60629
970,"(41.8289869, -87.6411854)",60609
971,"(41.6983547, -87.7024805)",60655
972,"(41.8237382, -87.6824446)",60609
973,"(41.8230744, -87.6942013)",60632
974,"(41.7353585, -87.5594199)",60617
975,"(41.9681459, -87.6769468)",60640
976,"(41.9834662, -87.6699028)",60660
977,"(41.8747409, -87.73078629999999)",60624
978,"(41.7618091, -87.6285999)",60621
979,"(41.7206681, -87.57287409999999)",60617
980,"(41.9526427, -87.7851891)",60634
981,"(41.9499159, -87.6701562)",60613
982,"(41.94679, -87.7816663)",60634
983,"(41.8183525, -87.6263697)",60609
984,"(41.6694238, -87.6340462)",60628
985,"(41.7646673, -87.6157549)",60619
986,"(41.8409073, -87.71139099999999)",60623
987,"(41.7970054, -87.6780139)",60609
988,"(41.9237493, -87.63938739999999)",60614
989,"(41.7859785, -87.59633269999999)",60637
990,"(41.9442648, -87.7466905)",60641
991,"(41.8635725, -87.7162908)",60623
992,"(41.8838832, -87.6218691)",60601
993,"(41.8704061, -87.65225559999999)",60607
994,"(41.78416, -87.762312)",60638
995,"(41.7311453, -87.5533088)",60617
996,"(41.8086002, -87.6971974)",60632
997,"(41.994761, -87.68183049999999)",60659
998,"(41.8919352, -87.6834926)",60612
999,"(41.777334, -87.59502400000001)",60637
1000,"(41.81419090000001, -87.6164524)",60653
1001,"(41.9295238, -87.71908289999999)",60647
1002,"(41.8646238, -87.6669594)",60608
1003,"(41.9249831, -87.665897)",60614
1004,"(41.7736759, -87.6896336)",60629
1005,"(41.9141528, -87.7178741)",60647
1006,"(42.0021942, -87.8184285)",60631
1007,"(41.8780522, -87.7527466)",60644
1008,"(41.9130714, -87.69633499999999)",60647
1009,"(41.7896317, -87.6545847)",60621
1010,"(41.7413469, -87.6396041)",60620
1011,"(41.6915158, -87.6756351)",60643
1012,"(41.6919264, -87.66576959999999)",60643
1013,"(41.7840429, -87.6880979)",60629
1014,"(41.8890389, -87.704657)",60612
1015,"(41.712273, -87.716352)",60617
1016,"(41.77866119999999, -87.589582)",60637
1017,"(41.6913567, -87.71420309999999)",60655
1018,"(41.9213743, -87.7224669)",60647
1019,"(41.9176511, -87.7235197)",60647
1020,"(41.9402051, -87.64756849999999)",60657
1021,"(41.6960718, -87.7052305)",60655
1022,"(41.702288, -87.6483837)",60643
1023,"(41.7610725, -87.58478989999999)",60649
1024,"(41.837083, -87.667485)",60608
1025,"(41.9878081, -87.8033045)",60631
1026,"(41.7017894, -87.6869124)",60655
1027,"(41.9497364, -87.7170874)",60618
1028,"(41.7610873, -87.667889)",60636
1029,"(41.7980014, -87.5934479)",60615
1030,"(41.9928646, -87.805627)",60631
1031,"(41.7660312, -87.57982419999999)",60649
1032,"(41.8920702, -87.7472655)",60644
1033,"(41.8526024, -87.6292349)",60616
1034,"(41.7692066, -87.6909357)",60629
1035,"(41.9036803, -87.664261)",60642
1036,"(41.89539, -87.6611199)",60642
1037,"(41.92765199999999, -87.70202599999999)",60647
1038,"(41.7386141, -87.62057639999999)",60619
1039,"(41.9373001, -87.70181579999999)",60618
1040,"(41.94155569999999, -87.6451008)",60657
1041,"(42.0073304, -87.67269619999999)",60626
1042,"(41.9586877, -87.7957466)",60634
1043,"(41.922026, -87.785743)",60639
1044,"(41.914397, -87.6465655)",60614
1045,"(41.7353662, -87.67144789999999)",60620
1046,"(41.7980245, -87.5923096)",60615
1047,"(41.7844599, -87.6478959)",60621
1048,"(41.7981868, -87.68941559999999)",60632
1049,"(41.861065, -87.723445)",60623
1050,"(41.91952149999999, -87.7309143)",60639
1051,"(41.9062393, -87.7300539)",60651
1052,"(41.7640694, -87.6024357)",60619
1053,"(41.8952034, -87.664611)",60642
1054,"(41.8824143, -87.62724879999999)",60602
1055,"(41.89518580000001, -87.718132)",60651
1056,"(41.9000176, -87.6627352)",60642
1057,"(41.9305329, -87.65343399999999)",60614
1058,"(41.7977577, -87.78857459999999)",60638
1059,"(41.9389496, -87.7545167)",60641
1060,"(41.9734347, -87.7420959)",60630
1061,"(41.9619799, -87.70763199999999)",60625
1062,"(41.9763222, -87.69919209999999)",60625
1063,"(41.9833796, -87.72158879999999)",60659
1064,"(41.9126532, -87.73538669999999)",60639
1065,"(41.9812798, -87.7078105)",60625
1066,"(41.9025344, -87.7537794)",60651
1067,"(41.9211098, -87.7578772)",60639
1068,"(41.98662270000001, -87.79342799999999)",60631
1069,"(41.9900076, -87.80448489999999)",60631
1070,"(41.9892412, -87.8026524)",60631
1071,"(41.777082, -87.79858899999999)",60638
1072,"(41.9365175, -87.7952629)",60634
1073,"(41.721005, -87.6485124)",60643
1074,"(41.7222606, -87.65065799999999)",60620
1075,"(41.8249607, -87.60390439999999)",60653
1076,"(41.776153, -87.680634)",60636
1077,"(41.8746515, -87.6865777)",60612
1078,"(41.7750512, -87.6553561)",60636
1079,"(41.8888235, -87.6203965)",60611
1080,"(41.7547862, -87.64596929999999)",60620
1081,"(41.742683, -87.6692724)",60620
1082,"(41.8915896, -87.7443417)",60644
1083,"(41.8921082, -87.7247632)",60624
1084,"(41.7686287, -87.57317309999999)",60649
1085,"(41.8610023, -87.6244461)",60605
1086,"(41.9993519, -87.81517430000001)",60631
1087,"(41.99379039999999, -87.7931364)",60631
1088,"(41.9782824, -87.8144555)",60656
1089,"(41.9787093, -87.8123964)",60656
1090,"(41.8579753, -87.6750643)",60608
1091,"(41.8943307, -87.726035)",60624
1092,"(41.8941496, -87.72646209999999)",60624
1093,"(41.8382715, -87.71769139999999)",60623
1094,"(41.8926537, -87.66555149999999)",60642
1095,"(41.7741847, -87.67533379999999)",60636
1096,"(41.7156226, -87.56716569999999)",60617
1097,"(41.9258244, -87.7210058)",60647
1098,"(41.7304119, -87.5459182)",60617
1099,"(41.8525159, -87.7151457)",60623
1100,"(41.9664797, -87.6688298)",60640
1101,"(41.8504839, -87.7025043)",60623
1102,"(41.85084430000001, -87.7018839)",60623
1103,"(41.65369740000001, -87.6049453)",60827
1104,"(41.8051053, -87.7521354)",60638
1105,"(41.9618289, -87.7576867)",60630
1106,"(41.9432242, -87.8065994)",60634
1107,"(41.80548570000001, -87.6203386)",60615
1108,"(41.8047037, -87.6210882)",60615
1109,"(41.7429177, -87.7052807)",60652
1110,"(41.7352636, -87.5732451)",60617
1111,"(41.6677891, -87.62230009999999)",60628
1112,"(41.9187998, -87.64668909999999)",60614
1113,"(41.8051666, -87.6624487)",60609
1114,"(42.0118136, -87.6677248)",60626
1115,"(41.8510657, -87.7169435)",60623
1116,"(41.97296, -87.7386609)",60630
1117,"(41.6926437, -87.6182275)",60628
1118,"(41.766664, -87.61128910000001)",60637
1119,"(41.7775899, -87.593442)",60637
1120,"(41.7466134, -87.64391309999999)",60620
1121,"(41.9073095, -87.6885435)",60622
1122,"(41.9025543, -87.7339523)",60651
1123,"(41.749023, -87.62245899999999)",60619
1124,"(41.797627, -87.645662)",60609
1125,"(41.8749169, -87.7059695)",60624
1126,"(41.8964214, -87.7107745)",60651
1127,"(41.7941021, -87.6597424)",60636
1128,"(41.81924069999999, -87.633313)",60609
1129,"(41.98926609999999, -87.6597274)",60660
1130,"(41.7912594, -87.73696989999999)",60629
1131,"(41.8624923, -87.70689259999999)",60623
1132,"(41.7711749, -87.73950409999999)",60629
1133,"(41.8790539, -87.68723210000002)",60612
1134,"(41.7063698, -87.5292697)",60617
1135,"(41.8711594, -87.72282229999999)",60624
1136,"(41.733697, -87.541972)",60617
1137,"(41.8936415, -87.6419353)",60654
1138,"(41.9146169, -87.6680129)",60622
1139,"(41.863955, -87.622017)",60605
1140,"(41.9074835, -87.7179382)",60651
1141,"(41.8694047, -87.71376409999999)",60624
1142,"(41.8443995, -87.66634669999999)",60608
1143,"(42.0225303, -87.6754558)",60626
1144,"(41.853935, -87.71274299999999)",60623
1145,"(41.898361, -87.67378699999999)",60622
1146,"(41.957339, -87.665275)",60613
1147,"(41.7816817, -87.6289278)",60621
1148,"(41.7778584, -87.73523379999999)",60629
1149,"(41.91261009999999, -87.6821397)",60647
1150,"(41.8368229, -87.68573909999999)",60608
1151,"(41.84256269999999, -87.6463998)",60608
1152,"(41.820137, -87.6001556)",60653
1153,"(41.9861619, -87.72679190000001)",60646
1154,"(41.916011, -87.6488839)",60614
1155,"(41.9070604, -87.6627099)",60642
1156,"(41.9978536, -87.70934629999999)",60645
1157,"(41.87979929999999, -87.6508049)",60607
1158,"(41.8858918, -87.6175994)",60601
1159,"(41.8577974, -87.6192481)",60616
1160,"(41.7056605, -87.5644683)",60617
1161,"(41.9285849, -87.69069119999999)",60647
1162,"(41.913916, -87.704808)",60647
1163,"(41.9526158, -87.71901040000002)",60618
1164,"(41.9290862, -87.6482187)",60614
1165,"(41.7708441, -87.63258569999999)",60621
1166,"(41.8012712, -87.6326036)",60609
1167,"(41.7688995, -87.5833047)",60649
1168,"(41.94095739999999, -87.7232484)",60618
1169,"(41.938599, -87.74456599999999)",60641
1170,"(42.009047, -87.67988079999999)",60626
1171,"(41.7871479, -87.7324652)",60629
1172,"(41.9000051, -87.6643363)",60642
1173,"(41.7882691, -87.7193163)",60629
1174,"(41.9832437, -87.6669158)",60660
1175,"(41.858343, -87.72183509999999)",60623
1176,"(41.8556707, -87.6581867)",60608
1177,"(41.7745562, -87.6281309)",60621
1178,"(41.8563951, -87.6293257)",60616
1179,"(41.8280915, -87.6243605)",60653
1180,"(41.9816988, -87.71283419999999)",60625
1181,"(41.8243586, -87.61980059999999)",60653
1182,"(41.9003237, -87.7319285)",60651
1183,"(41.8525261, -87.6837986)",60608
1184,"(41.7198078, -87.537708)",60617
1185,"(41.9598685, -87.6777968)",60613
1186,"(41.8590606, -87.66313579999999)",60608
1187,"(41.7223272, -87.5657341)",60617
1188,"(41.83708499999999, -87.729384)",60623
1189,"(41.7406771, -87.6084994)",60619
1190,"(41.6901343, -87.6737308)",60643
1191,"(41.8604424, -87.69262549999999)",60608
1192,"(41.8725092, -87.76359540000001)",60644
1193,"(41.9987454, -87.7976668)",60631
1194,"(41.7564966, -87.6350873)",60620
1195,"(41.7025584, -87.6062913)",60628
1196,"(41.89230209999999, -87.7080876)",60624
1197,"(41.8559749, -87.7032363)",60623
1198,"(41.82053760000001, -87.619897)",60653
1199,"(41.955369, -87.76358929999999)",60641
1200,"(41.9573481, -87.76102259999999)",60641
1201,"(41.9461521, -87.7607189)",60641
1202,"(42.0152079, -87.6780895)",60626
1203,"(41.76051349999999, -87.5568043)",60649
1204,"(41.7800245, -87.6028779)",60637
1205,"(41.92909239999999, -87.6691774)",60614
1206,"(41.8154658, -87.6036355)",60653
1207,"(41.9068861, -87.6780938)",60622
1208,"(41.9150409, -87.6535746)",60614
1209,"(41.8099431, -87.5996084)",60653
1210,"(41.902656, -87.66338760000001)",60642
1211,"(41.694579, -87.6692769)",60643
1212,"(41.9194202, -87.7618468)",60639
1213,"(41.8789685, -87.7156679)",60624
1214,"(41.9656465, -87.7727431)",60630
1215,"(41.9026807, -87.6959923)",60622
1216,"(41.9068649, -87.66348149999999)",60622
1217,"(41.918734, -87.68377149999999)",60647
1218,"(41.6884931, -87.60942)",60628
1219,"(41.692623, -87.60988549999999)",60628
1220,"(41.9947039, -87.74496540000001)",60646
1221,"(41.9639251, -87.6891321)",60625
1222,"(41.7629337, -87.71804279999999)",60629
1223,"(41.995351, -87.770511)",60646
1224,"(41.7611516, -87.6044715)",60619
1225,"(41.7502378, -87.7294483)",60652
1226,"(41.760634, -87.67637959999999)",60636
1227,"(41.9608864, -87.67128009999999)",60613
1228,"(41.9625873, -87.68030999999999)",60625
1229,"(41.96530569999999, -87.7001396)",60625
1230,"(41.7921768, -87.5943863)",60637
1231,"(41.8045435, -87.60508349999999)",60615
1232,"(41.7786152, -87.63556349999999)",60621
1233,"(41.9412895, -87.71928129999999)",60618
1234,"(41.94260209999999, -87.7690709)",60634
1235,"(41.7506564, -87.6560816)",60620
1236,"(41.7496041, -87.6149334)",60619
1237,"(41.9373329, -87.6995709)",60618
1238,"(41.9910221, -87.8154417)",60631
1239,"(41.7237415, -87.6283595)",60620
1240,"(41.7645637, -87.60011539999999)",60619
1241,"(41.9536443, -87.692032)",60618
1242,"(41.8567231, -87.6476978)",60608
1243,"(41.8027209, -87.6619295)",60609
1244,"(41.7184862, -87.6687121)",60643
1245,"(41.70606, -87.6844778)",60655
1246,"(41.7207994, -87.6675837)",60643
1247,"(41.9237377, -87.78528759999999)",60639
1248,"(41.9739812, -87.7019591)",60625
1249,"(41.8887632, -87.6179124)",60611
1250,"(41.971556, -87.7600498)",60630
1251,"(41.7702519, -87.6368723)",60621
1252,"(41.7263195, -87.6343557)",60620
1253,"(41.817471, -87.598843)",60653
1254,"(42.0152834, -87.6964435)",60645
1255,"(41.9804465, -87.67506639999999)",60640
1256,"(41.9721325, -87.7035983)",60625
1257,"(41.8683711, -87.6299243)",60605
1258,"(41.9650389, -87.7144907)",60625
1259,"(41.9885028, -87.7858067)",60646
1260,"(41.69725589999999, -87.6311154)",60628
1261,"(41.759108, -87.57575)",60649
1262,"(41.7844236, -87.6236972)",60637
1263,"(41.684903, -87.5373153)",60617
1264,"(41.8835997, -87.66935699999999)",60612
1265,"(41.7519718, -87.6177101)",60619
1266,"(41.8479002, -87.6812235)",60608
1267,"(41.8746088, -87.68006700000001)",60612
1268,"(41.7443673, -87.54979709999999)",60617
1269,"(41.9208169, -87.7971244)",60707
1270,"(41.7352668, -87.63950109999999)",60620
1271,"(41.8930604, -87.7191745)",60624
1272,"(41.9072003, -87.6828914)",60622
1273,"(41.9456522, -87.7028816)",60618
1274,"(41.721227, -87.55264299999999)",60617
1275,"(41.9959854, -87.6560149)",60660
1276,"(41.880439, -87.6880353)",60612
1277,"(41.8875685, -87.71362649999999)",60624
1278,"(41.9015633, -87.63382)",60610
1279,"(41.6793831, -87.6182908)",60628
1280,"(41.9182127, -87.70034729999999)",60647
1281,"(41.8956638, -87.7540607)",60651
1282,"(41.8064504, -87.6741203)",60609
1283,"(41.7927818, -87.71230229999999)",60632
1284,"(41.8390704, -87.6325595)",60616
1285,"(41.8922533, -87.66123650000002)",60642
1286,"(41.9884007, -87.7373989)",60646
1287,"(41.9912819, -87.7464294)",60646
1288,"(41.985669, -87.7404055)",60646
1289,"(41.7975924, -87.70526129999999)",60632
1290,"(41.91381459999999, -87.7994758)",60707
1291,"(41.9413315, -87.73284029999999)",60641
1292,"(41.9258583, -87.6689954)",60614
1293,"(41.9053683, -87.64482269999999)",60610
1294,"(41.7168493, -87.59685139999999)",60628
1295,"(41.9355398, -87.6802953)",60618
1296,"(41.7561533, -87.5794785)",60649
1297,"(41.9989998, -87.6695769)",60626
1298,"(41.9303572, -87.76127439999999)",60639
1299,"(41.9472359, -87.73583479999999)",60641
1300,"(41.741494, -87.73660199999999)",60652
1301,"(41.8967738, -87.62173159999999)",60611
1302,"(41.9210021, -87.68465379999999)",60647
1303,"(41.7903126, -87.71081559999999)",60629
1304,"(41.9888418, -87.6685693)",60660
1305,"(41.9890085, -87.6667674)",60660
1306,"(41.80990310000001, -87.66899790000001)",60609
1307,"(41.9028389, -87.63741859999999)",60610
1308,"(41.7852617, -87.6085245)",60637
1309,"(41.7526531, -87.6003724)",60619
1310,"(41.945366, -87.800257)",60634
1311,"(41.8500587, -87.71700150000001)",60623
1312,"(41.9456861, -87.663664)",60657
1313,"(41.871524, -87.6547071)",60607
1314,"(41.8440992, -87.64110409999999)",60616
1315,"(41.8000322, -87.65052279999999)",60609
1316,"(41.7995763, -87.6586367)",60609
1317,"(41.7908713, -87.6340669)",60621
1318,"(41.7904898, -87.6322584)",60621
1319,"(41.8159169, -87.6895299)",60632
1320,"(41.6906458, -87.65930759999999)",60643
1321,"(41.7441457, -87.63594119999999)",60620
1322,"(41.9111279, -87.71542939999999)",60647
1323,"(41.8646142, -87.6683561)",60608
1324,"(41.84259160000001, -87.6415083)",60616
1325,"(41.9072285, -87.6454436)",60610
1326,"(41.88004189999999, -87.6614285)",60607
1327,"(41.8795957, -87.6589984)",60607
1328,"(41.7138966, -87.63121910000001)",60628
1329,"(41.8287306, -87.62517869999999)",60653
1330,"(41.891024, -87.690467)",60612
1331,"(41.7074651, -87.60538849999999)",60628
1332,"(41.9590292, -87.7821491)",60634
1333,"(41.8649951, -87.6540125)",60608
1334,"(41.8914303, -87.70395889999999)",60612
1335,"(41.89413709999999, -87.67423889999999)",60622
1336,"(41.9942847, -87.7245535)",60659
1337,"(41.7953643, -87.71157099999999)",60632
1338,"(41.6812419, -87.6249076)",60628
1339,"(41.7857114, -87.5919145)",60637
1340,"(41.7437801, -87.599489)",60619
1341,"(41.7574114, -87.5654904)",60649
1342,"(41.7449819, -87.54971839999999)",60617
1343,"(41.93344159999999, -87.66143129999999)",60657
1344,"(41.8667185, -87.6289961)",60605
1345,"(41.757653, -87.578952)",60649
1346,"(41.75969070000001, -87.6763149)",60636
1347,"(41.8850409, -87.7507791)",60644
1348,"(41.966814, -87.72834499999999)",60630
1349,"(41.797828, -87.590222)",60615
1350,"(41.8476349, -87.699837)",60623
1351,"(41.8621559, -87.7051943)",60623
1352,"(41.8431425, -87.7144405)",60623
1353,"(41.7301071, -87.5862856)",60617
1354,"(41.9358077, -87.6655231)",60657
1355,"(41.9472259, -87.6719523)",60613
1356,"(41.8270017, -87.6711478)",60609
1357,"(41.9043552, -87.7700194)",60651
1358,"(41.8565017, -87.6813322)",60608
1359,"(41.842372, -87.652203)",60608
1360,"(41.7097292, -87.66918179999999)",60643
1361,"(41.94671779999999, -87.7513148)",60641
1362,"(41.7419872, -87.7328127)",60652
1363,"(41.9528843, -87.68383089999999)",60618
1364,"(41.7748074, -87.634107)",60621
1365,"(41.7840748, -87.6624814)",60636
1366,"(41.8047025, -87.7219203)",60632
1367,"(41.6930965, -87.7048042)",60655
1368,"(41.9284062, -87.646766)",60614
1369,"(41.7646866, -87.61733009999999)",60619
1370,"(41.9699982, -87.77463689999999)",60630
1371,"(41.9759915, -87.7637452)",60630
1372,"(41.7948795, -87.7875521)",60638
1373,"(41.7535034, -87.61293099999999)",60619
1374,"(41.9624514, -87.73744409999999)",60630
1375,"(41.8203675, -87.6250776)",60653
1376,"(41.7346313, -87.6658114)",60620
1377,"(41.9740532, -87.82567329999999)",60706
1378,"(41.7429291, -87.5876615)",60619
1379,"(41.9376152, -87.7745973)",60634
1380,"(41.6568912, -87.54759469999999)",60633
1381,"(41.94444499999999, -87.8285293)",60634
1382,"(41.7106001, -87.53468099999999)",60617
1383,"(41.812397, -87.641072)",60609
1384,"(41.7927979, -87.7041578)",60629
1385,"(41.92543209999999, -87.7485133)",60639
1386,"(41.9951404, -87.665652)",60660
1387,"(41.9832388, -87.6718391)",60640
1388,"(41.8991248, -87.68603619999999)",60622
1389,"(41.7101844, -87.63647639999999)",60628
1390,"(41.9837884, -87.69832249999999)",60659
1391,"(41.9329979, -87.7189538)",60618
1392,"(41.8676547, -87.6540661)",60608
1393,"(41.9824749, -87.66094059999999)",60640
1394,"(41.9197513, -87.6513566)",60614
1395,"(41.7975676, -87.77312189999999)",60638
1396,"(41.8423859, -87.63385699999999)",60616
1397,"(41.9281517, -87.6904723)",60647
1398,"(41.70882750000001, -87.613022)",60628
1399,"(41.960296, -87.7516672)",60641
1400,"(41.70797, -87.68943)",60655
1401,"(41.9232646, -87.66292589999999)",60614
1402,"(42.0119385, -87.81209330000002)",60631
1403,"(41.9416729, -87.7597895)",60641
1404,"(41.94007329999999, -87.66680029999999)",60657
1405,"(41.8832967, -87.6837264)",60612
1406,"(42.0144251, -87.6878885)",60645
1407,"(41.7146074, -87.654411)",60643
1408,"(41.9145828, -87.67212699999999)",60622
1409,"(41.958763, -87.6555169)",60613
1410,"(42.008011, -87.77775799999999)",60646
1411,"(41.7761705, -87.733961)",60629
1412,"(41.9708359, -87.6881344)",60625
1413,"(41.7459161, -87.5476084)",60617
1414,"(41.9744566, -87.80427689999999)",60656
1415,"(41.7805776, -87.716655)",60629
1416,"(41.8970747, -87.6823536)",60622
1417,"(41.9525442, -87.780793)",60634
1418,"(41.93900970000001, -87.7749916)",60634
1419,"(41.9826709, -87.8242862)",60631
1420,"(41.8963933, -87.7706642)",60651
1421,"(41.7562701, -87.5902568)",60619
1422,"(41.8514554, -87.67903439999999)",60608
1423,"(41.9834186, -87.69236900000001)",60659
1424,"(41.7648992, -87.57320650000001)",60649
1425,"(41.9148518, -87.7295721)",60639
1426,"(41.8553013, -87.6657888)",60608
1427,"(41.8590802, -87.6573367)",60608
1428,"(41.776312, -87.7940172)",60638
1429,"(41.8019617, -87.7343004)",60632
1430,"(41.752586, -87.68297799999999)",60620
1431,"(41.9647587, -87.7778575)",60630
1432,"(41.7519921, -87.654095)",60620
1433,"(41.982932, -87.827371)",60631
1434,"(42.0164485, -87.6850048)",60645
1435,"(41.9051817, -87.6621009)",60642
1436,"(41.9203164, -87.70321539999999)",60647
1437,"(41.7803189, -87.7708024)",60638
1438,"(41.9956974, -87.7962941)",60631
1439,"(41.8497783, -87.6337832)",60616
1440,"(41.7452155, -87.69313819999999)",60652
1441,"(41.969738, -87.6558012)",60640
1442,"(41.7960341, -87.5964422)",60615
1443,"(41.9869493, -87.77980269999999)",60646
1444,"(41.7899764, -87.7263485)",60629
1445,"(41.9467705, -87.7310059)",60641
1446,"(41.6798298, -87.67999990000001)",60643
1447,"(41.9269111, -87.80029200000001)",60707
1448,"(41.7590551, -87.64952720000001)",60621
1449,"(41.798765, -87.79663529999999)",60638
1450,"(41.8277302, -87.6265291)",60609
1451,"(41.935631, -87.78415199999999)",60634
1452,"(41.75894, -87.59304)",60619
1453,"(41.7471357, -87.7319927)",60652
1454,"(41.9651408, -87.65617019999999)",60640
1455,"(42.0167079, -87.8144064)",60631
1456,"(41.9620926, -87.6638569)",60640
1457,"(41.9954415, -87.6842492)",60659
1458,"(41.79660150000001, -87.5996759)",60615
1459,"(41.91251279999999, -87.7130923)",60647
1460,"(41.7939861, -87.7319612)",60632
1461,"(41.8833296, -87.6776146)",60612
1462,"(41.7440133, -87.54266539999999)",60617
1463,"(41.7460084, -87.5787904)",60617
1464,"(42.0028084, -87.6689166)",60626
1465,"(41.818334, -87.610062)",60653
1466,"(41.9775534, -87.8087991)",60656
1467,"(41.8705602, -87.7341596)",60624
1468,"(41.9981208, -87.68285259999999)",60645
1469,"(41.8482048, -87.6347078)",60616
1470,"(41.963097, -87.69480039999999)",60625
1471,"(41.9281766, -87.65856149999999)",60614
1472,"(41.8949564, -87.679473)",60612
1473,"(41.711022, -87.67630799999999)",60643
1474,"(41.892862, -87.754648)",60644
1475,"(41.9888995, -87.65860430000001)",60660
1476,"(41.8020247, -87.5998043)",60615
1477,"(41.6949526, -87.65325849999999)",60643
1478,"(41.9855793, -87.79169470000001)",60631
1479,"(41.8927743, -87.6739364)",60622
1480,"(41.7941248, -87.690685)",60632
1481,"(41.7993803, -87.6934313)",60632
1482,"(41.7608342, -87.6071441)",60619
1483,"(41.7643421, -87.70512099999999)",60629
1484,"(41.7156267, -87.5332614)",60617
1485,"(41.809189, -87.6281838)",60609
1486,"(41.8189779, -87.6424037)",60609
1487,"(41.961341, -87.64931899999999)",60613
1488,"(41.8479028, -87.69538170000001)",60623
1489,"(41.975387, -87.7174879)",60625
1490,"(42.0056166, -87.7012345)",60645
1491,"(41.811015, -87.60123)",60653
1492,"(41.7407013, -87.6483076)",60620
1493,"(41.91413259999999, -87.6963258)",60647
1494,"(41.9611724, -87.6799011)",60618
1495,"(41.8595869, -87.646412)",60608
1496,"(41.865106, -87.68315899999999)",60608
1497,"(41.94894499999999, -87.777823)",60634
1498,"(41.733009, -87.5450591)",60617
1499,"(41.8574835, -87.6586732)",60608
1500,"(41.9677224, -87.7523879)",60630
1501,"(41.8075106, -87.6424668)",60609
1502,"(41.7778597, -87.60039809999999)",60637
1503,"(41.885982, -87.73563279999999)",60624
1504,"(41.884245, -87.72974599999999)",60624
1505,"(41.7433814, -87.6659482)",60620
1506,"(41.85771260000001, -87.6350111)",60616
1507,"(41.7874363, -87.70768389999999)",60629
1508,"(41.731463, -87.6051109)",60619
1509,"(42.0152489, -87.6729581)",60626
1510,"(41.8788268, -87.67937649999999)",60612
1511,"(41.7056963, -87.5644536)",60617
1512,"(41.9764074, -87.6698278)",60640
1513,"(41.7301204, -87.61119959999999)",60619
1514,"(41.72570100000001, -87.630464)",60620
1515,"(41.7995187, -87.7600428)",60638
1516,"(41.8274419, -87.6080624)",60653
1517,"(41.8980721, -87.70466449999999)",60622
1518,"(41.8851415, -87.666066)",60607
1519,"(41.707014, -87.6541104)",60643
1520,"(41.9293972, -87.71221100000001)",60647
1521,"(41.78802779999999, -87.5939404)",60637
1522,"(41.80821419999999, -87.7306844)",60632
1523,"(41.859406, -87.6679035)",60608
1524,"(41.8099654, -87.6005806)",60653
1525,"(41.7844635, -87.79617100000002)",60638
1526,"(41.7205567, -87.66589929999999)",60643
1527,"(41.9602551, -87.7643696)",60641
1528,"(41.7176475, -87.5558444)",60617
1529,"(41.6881033, -87.6856313)",60655
1530,"(41.9939043, -87.6918452)",60659
1531,"(41.8692825, -87.7289878)",60624
1532,"(41.7945273, -87.64799269999999)",60609
1533,"(41.8020711, -87.748488)",60638
1534,"(41.6898727, -87.62182279999999)",60628
1535,"(41.9687156, -87.6816194)",60625
1536,"(41.9714449, -87.7250639)",60625
1537,"(41.9071048, -87.6928841)",60622
1538,"(41.9061141, -87.6920203)",60622
1539,"(41.7162741, -87.64861669999999)",60643
1540,"(41.7785315, -87.5980675)",60637
1541,"(41.80153, -87.6496172)",60609
1542,"(41.7270029, -87.6387537)",60620
1543,"(41.8116122, -87.71932059999999)",60632
1544,"(41.9131171, -87.6678294)",60622
1545,"(41.8549265, -87.6482018)",60608
1546,"(41.9016572, -87.63512539999999)",60610
1547,"(41.932623, -87.673238)",60614
1548,"(41.84345980000001, -87.6350824)",60616
1549,"(41.8886904, -87.71739319999999)",60624
1550,"(41.7277266, -87.574951)",60617
1551,"(42.0020385, -87.6899365)",60645
1552,"(42.0215734, -87.67304999999999)",60626
1553,"(41.745497, -87.57669700000001)",60617
1554,"(41.7933831, -87.61548909999999)",60637
1555,"(41.7285417, -87.59661419999999)",60619
1556,"(41.6874945, -87.53819229999999)",60617
1557,"(41.8997952, -87.6313313)",60610
1558,"(41.8458692, -87.6926435)",60608
1559,"(41.9641843, -87.69190449999999)",60625
1560,"(41.8695716, -87.7270826)",60624
1561,"(41.9353998, -87.65154509999999)",60657
1562,"(41.96281219999999, -87.6863938)",60625
1563,"(41.8991219, -87.668071)",60622
1564,"(41.943389, -87.64713499999999)",60657
1565,"(41.8255448, -87.631754)",60609
1566,"(41.76725099999999, -87.6484681)",60621
1567,"(41.7027286, -87.5377061)",60617
1568,"(41.7446685, -87.6319177)",60620
1569,"(41.760639, -87.65432299999999)",60636
1570,"(41.7744601, -87.7288495)",60629
1571,"(41.9068482, -87.73216359999999)",60651
1572,"(41.6706441, -87.63207609999999)",60628
1573,"(41.676818, -87.63524799999999)",60628
1574,"(42.0027514, -87.70635349999999)",60645
1575,"(41.7485007, -87.63552639999999)",60620
1576,"(41.8978158, -87.68654570000001)",60622
1577,"(41.8900236, -87.7098659)",60624
1578,"(41.8865239, -87.6778928)",60612
1579,"(41.90199459999999, -87.7492541)",60651
1580,"(41.6533682, -87.6016674)",60827
1581,"(41.6840389, -87.6548655)",60643
1582,"(41.672228, -87.6498973)",60643
1583,"(41.67273549999999, -87.650342)",60643
1584,"(41.8400396, -87.725269)",60623
1585,"(41.87824740000001, -87.6636746)",60607
1586,"(41.8507599, -87.6747157)",60608
1587,"(41.9080486, -87.676738)",60622
1588,"(41.9367204, -87.6728064)",60657
1589,"(42.0072254, -87.778526)",60646
1590,"(41.8441791, -87.62886)",60616
1591,"(41.8353553, -87.65559929999999)",60608
1592,"(41.8319671, -87.6546086)",60608
1593,"(41.9646502, -87.75836249999999)",60630
1594,"(41.972328, -87.6841544)",60625
1595,"(41.77422600000001, -87.67101199999999)",60636
1596,"(41.6989526, -87.54351369999999)",60617
1597,"(41.9841393, -87.7286602)",60646
1598,"(41.9347229, -87.68353549999999)",60618
1599,"(41.7621703, -87.58372039999999)",60649
1600,"(41.773523, -87.594026)",60637
1601,"(41.7809332, -87.65515549999999)",60636
1602,"(41.8140835, -87.6087663)",60653
1603,"(41.812723, -87.6078149)",60653
1604,"(41.9282184, -87.6664639)",60614
1605,"(41.7667468, -87.6318469)",60621
1606,"(41.9147452, -87.6997978)",60647
1607,"(42.012417, -87.69596899999999)",60645
1608,"(42.0121989, -87.7062863)",60645
1609,"(41.9929569, -87.6997892)",60659
1610,"(41.9064241, -87.7676047)",60651
1611,"(41.8444179, -87.61848169999999)",60616
1612,"(41.8313786, -87.627231)",60616
1613,"(41.8412173, -87.7344897)",60623
1614,"(41.9592537, -87.67234169999999)",60613
